file_path,landmark,target
regenerated_new/1/H/case-100114_JAY_ANNOTATION.png,1,4
regenerated_new/1/H/case-100114_JAY_ANNOTATION.png,1,5
regenerated_new/4/H/case-100114_JAY_ANNOTATION.png,4,1
regenerated_new/5/H/case-100114_JAY_ANNOTATION.png,5,1
regenerated_new/1/H/case-100129_JAY_ANNOTATION.png,1,4
regenerated_new/1/H/case-100129_JAY_ANNOTATION.png,1,5
regenerated_new/4/H/case-100129_JAY_ANNOTATION.png,4,1
regenerated_new/5/H/case-100129_JAY_ANNOTATION.png,5,1
regenerated_new/1/H/case-100164_JAY_ANNOTATION.png,1,4
regenerated_new/1/H/case-100164_JAY_ANNOTATION.png,1,5
regenerated_new/4/H/case-100164_JAY_ANNOTATION.png,4,1
regenerated_new/5/H/case-100164_JAY_ANNOTATION.png,5,1
regenerated_new/1/H/case-100229_JAY_ANNOTATION.png,1,4
regenerated_new/1/H/case-100229_JAY_ANNOTATION.png,1,5
regenerated_new/4/H/case-100229_JAY_ANNOTATION.png,4,1
regenerated_new/5/H/case-100229_JAY_ANNOTATION.png,5,1
regenerated_new/1/H/case-100245_JAY_ANNOTATION.png,1,4
regenerated_new/1/H/case-100245_JAY_ANNOTATION.png,1,5
regenerated_new/4/H/case-100245_JAY_ANNOTATION.png,4,1
regenerated_new/5/H/case-100245_JAY_ANNOTATION.png,5,1
regenerated_new/1/H/case-100247_JAY_ANNOTATION.png,1,4
regenerated_new/1/H/case-100247_JAY_ANNOTATION.png,1,5
regenerated_new/4/H/case-100247_JAY_ANNOTATION.png,4,1
regenerated_new/5/H/case-100247_JAY_ANNOTATION.png,5,1
regenerated_new/1/H/case-100254_JAY_ANNOTATION.png,1,4
regenerated_new/1/H/case-100254_JAY_ANNOTATION.png,1,5
regenerated_new/4/H/case-100254_JAY_ANNOTATION.png,4,1
regenerated_new/5/H/case-100254_JAY_ANNOTATION.png,5,1
regenerated_new/1/H/case-100265_JAY_ANNOTATION.png,1,4
regenerated_new/1/H/case-100265_JAY_ANNOTATION.png,1,5
regenerated_new/4/H/case-100265_JAY_ANNOTATION.png,4,1
regenerated_new/5/H/case-100265_JAY_ANNOTATION.png,5,1
regenerated_new/1/H/case-100304_JAY_ANNOTATION.png,1,4
regenerated_new/1/H/case-100304_JAY_ANNOTATION.png,1,5
regenerated_new/4/H/case-100304_JAY_ANNOTATION.png,4,1
regenerated_new/5/H/case-100304_JAY_ANNOTATION.png,5,1
regenerated_new/1/H/case-100308_JAY_ANNOTATION.png,1,4
regenerated_new/1/H/case-100308_JAY_ANNOTATION.png,1,5
regenerated_new/4/H/case-100308_JAY_ANNOTATION.png,4,1
regenerated_new/5/H/case-100308_JAY_ANNOTATION.png,5,1
regenerated_new/1/H/case-100359_JAY_ANNOTATION.png,1,4
regenerated_new/1/H/case-100359_JAY_ANNOTATION.png,1,5
regenerated_new/4/H/case-100359_JAY_ANNOTATION.png,4,1
regenerated_new/5/H/case-100359_JAY_ANNOTATION.png,5,1
regenerated_new/1/H/case-100366_JAY_ANNOTATION.png,1,4
regenerated_new/1/H/case-100366_JAY_ANNOTATION.png,1,5
regenerated_new/4/H/case-100366_JAY_ANNOTATION.png,4,1
regenerated_new/5/H/case-100366_JAY_ANNOTATION.png,5,1
regenerated_new/1/H/case-100369_JAY_ANNOTATION.png,1,4
regenerated_new/1/H/case-100369_JAY_ANNOTATION.png,1,5
regenerated_new/4/H/case-100369_JAY_ANNOTATION.png,4,1
regenerated_new/5/H/case-100369_JAY_ANNOTATION.png,5,1
regenerated_new/1/H/case-100371_JAY_ANNOTATION.png,1,4
regenerated_new/1/H/case-100371_JAY_ANNOTATION.png,1,5
regenerated_new/4/H/case-100371_JAY_ANNOTATION.png,4,1
regenerated_new/5/H/case-100371_JAY_ANNOTATION.png,5,1
regenerated_new/1/H/case-100515_JAY_ANNOTATION.png,1,4
regenerated_new/1/H/case-100515_JAY_ANNOTATION.png,1,5
regenerated_new/4/H/case-100515_JAY_ANNOTATION.png,4,1
regenerated_new/5/H/case-100515_JAY_ANNOTATION.png,5,1
regenerated_new/1/H/case-100518_JAY_ANNOTATION.png,1,4
regenerated_new/1/H/case-100518_JAY_ANNOTATION.png,1,5
regenerated_new/4/H/case-100518_JAY_ANNOTATION.png,4,1
regenerated_new/5/H/case-100518_JAY_ANNOTATION.png,5,1
regenerated_new/1/H/case-100541_JAY_ANNOTATION.png,1,4
regenerated_new/1/H/case-100541_JAY_ANNOTATION.png,1,5
regenerated_new/4/H/case-100541_JAY_ANNOTATION.png,4,1
regenerated_new/5/H/case-100541_JAY_ANNOTATION.png,5,1
regenerated_new/1/H/case-100585_JAY_ANNOTATION.png,1,4
regenerated_new/1/H/case-100585_JAY_ANNOTATION.png,1,5
regenerated_new/4/H/case-100585_JAY_ANNOTATION.png,4,1
regenerated_new/5/H/case-100585_JAY_ANNOTATION.png,5,1
regenerated_new/1/H/case-100591_JAY_ANNOTATION.png,1,4
regenerated_new/1/H/case-100591_JAY_ANNOTATION.png,1,5
regenerated_new/4/H/case-100591_JAY_ANNOTATION.png,4,1
regenerated_new/5/H/case-100591_JAY_ANNOTATION.png,5,1
regenerated_new/1/H/case-100702_JAY_ANNOTATION.png,1,4
regenerated_new/1/H/case-100702_JAY_ANNOTATION.png,1,5
regenerated_new/4/H/case-100702_JAY_ANNOTATION.png,4,1
regenerated_new/5/H/case-100702_JAY_ANNOTATION.png,5,1
regenerated_new/1/H/case-100770_JAY_ANNOTATION.png,1,4
regenerated_new/1/H/case-100770_JAY_ANNOTATION.png,1,5
regenerated_new/4/H/case-100770_JAY_ANNOTATION.png,4,1
regenerated_new/5/H/case-100770_JAY_ANNOTATION.png,5,1
regenerated_new/1/H/case-100779_JAY_ANNOTATION.png,1,4
regenerated_new/1/H/case-100779_JAY_ANNOTATION.png,1,5
regenerated_new/4/H/case-100779_JAY_ANNOTATION.png,4,1
regenerated_new/5/H/case-100779_JAY_ANNOTATION.png,5,1
regenerated_new/1/H/case-100863_JAY_ANNOTATION.png,1,4
regenerated_new/1/H/case-100863_JAY_ANNOTATION.png,1,5
regenerated_new/4/H/case-100863_JAY_ANNOTATION.png,4,1
regenerated_new/5/H/case-100863_JAY_ANNOTATION.png,5,1
regenerated_new/1/H/case-100915_JAY_ANNOTATION.png,1,4
regenerated_new/1/H/case-100915_JAY_ANNOTATION.png,1,5
regenerated_new/4/H/case-100915_JAY_ANNOTATION.png,4,1
regenerated_new/5/H/case-100915_JAY_ANNOTATION.png,5,1
regenerated_new/1/H/case-100917_JAY_ANNOTATION.png,1,4
regenerated_new/1/H/case-100917_JAY_ANNOTATION.png,1,5
regenerated_new/4/H/case-100917_JAY_ANNOTATION.png,4,1
regenerated_new/5/H/case-100917_JAY_ANNOTATION.png,5,1
regenerated_new/1/H/case-101045_JAY_ANNOTATION.png,1,4
regenerated_new/1/H/case-101045_JAY_ANNOTATION.png,1,5
regenerated_new/4/H/case-101045_JAY_ANNOTATION.png,4,1
regenerated_new/5/H/case-101045_JAY_ANNOTATION.png,5,1
regenerated_new/1/H/case-101074_JAY_ANNOTATION.png,1,4
regenerated_new/1/H/case-101074_JAY_ANNOTATION.png,1,5
regenerated_new/4/H/case-101074_JAY_ANNOTATION.png,4,1
regenerated_new/5/H/case-101074_JAY_ANNOTATION.png,5,1
regenerated_new/1/H/case-101133_JAY_ANNOTATION.png,1,4
regenerated_new/1/H/case-101133_JAY_ANNOTATION.png,1,5
regenerated_new/4/H/case-101133_JAY_ANNOTATION.png,4,1
regenerated_new/5/H/case-101133_JAY_ANNOTATION.png,5,1
regenerated_new/1/H/case-101195_JAY_ANNOTATION.png,1,4
regenerated_new/1/H/case-101195_JAY_ANNOTATION.png,1,5
regenerated_new/4/H/case-101195_JAY_ANNOTATION.png,4,1
regenerated_new/5/H/case-101195_JAY_ANNOTATION.png,5,1
regenerated_new/1/H/case-101206_JAY_ANNOTATION.png,1,4
regenerated_new/1/H/case-101206_JAY_ANNOTATION.png,1,5
regenerated_new/4/H/case-101206_JAY_ANNOTATION.png,4,1
regenerated_new/5/H/case-101206_JAY_ANNOTATION.png,5,1
regenerated_new/1/H/case-101362_JAY_ANNOTATION.png,1,4
regenerated_new/1/H/case-101362_JAY_ANNOTATION.png,1,5
regenerated_new/4/H/case-101362_JAY_ANNOTATION.png,4,1
regenerated_new/5/H/case-101362_JAY_ANNOTATION.png,5,1
regenerated_new/1/H/case-101367_JAY_ANNOTATION.png,1,4
regenerated_new/1/H/case-101367_JAY_ANNOTATION.png,1,5
regenerated_new/4/H/case-101367_JAY_ANNOTATION.png,4,1
regenerated_new/5/H/case-101367_JAY_ANNOTATION.png,5,1
regenerated_new/1/H/case-101409_JAY_ANNOTATION.png,1,4
regenerated_new/1/H/case-101409_JAY_ANNOTATION.png,1,5
regenerated_new/4/H/case-101409_JAY_ANNOTATION.png,4,1
regenerated_new/5/H/case-101409_JAY_ANNOTATION.png,5,1
regenerated_new/1/H/case-101413_JAY_ANNOTATION.png,1,4
regenerated_new/1/H/case-101413_JAY_ANNOTATION.png,1,5
regenerated_new/4/H/case-101413_JAY_ANNOTATION.png,4,1
regenerated_new/5/H/case-101413_JAY_ANNOTATION.png,5,1
regenerated_new/1/H/case-101447_JAY_ANNOTATION.png,1,4
regenerated_new/1/H/case-101447_JAY_ANNOTATION.png,1,5
regenerated_new/4/H/case-101447_JAY_ANNOTATION.png,4,1
regenerated_new/5/H/case-101447_JAY_ANNOTATION.png,5,1
regenerated_new/1/H/case-101510_JAY_ANNOTATION.png,1,4
regenerated_new/1/H/case-101510_JAY_ANNOTATION.png,1,5
regenerated_new/4/H/case-101510_JAY_ANNOTATION.png,4,1
regenerated_new/5/H/case-101510_JAY_ANNOTATION.png,5,1
regenerated_new/1/H/case-101540_JAY_ANNOTATION.png,1,4
regenerated_new/1/H/case-101540_JAY_ANNOTATION.png,1,5
regenerated_new/4/H/case-101540_JAY_ANNOTATION.png,4,1
regenerated_new/5/H/case-101540_JAY_ANNOTATION.png,5,1
regenerated_new/1/H/case-101581_JAY_ANNOTATION.png,1,4
regenerated_new/1/H/case-101581_JAY_ANNOTATION.png,1,5
regenerated_new/4/H/case-101581_JAY_ANNOTATION.png,4,1
regenerated_new/5/H/case-101581_JAY_ANNOTATION.png,5,1
regenerated_new/1/H/case-101599_JAY_ANNOTATION.png,1,4
regenerated_new/1/H/case-101599_JAY_ANNOTATION.png,1,5
regenerated_new/4/H/case-101599_JAY_ANNOTATION.png,4,1
regenerated_new/5/H/case-101599_JAY_ANNOTATION.png,5,1
regenerated_new/1/H/case-101625_JAY_ANNOTATION.png,1,4
regenerated_new/1/H/case-101625_JAY_ANNOTATION.png,1,5
regenerated_new/4/H/case-101625_JAY_ANNOTATION.png,4,1
regenerated_new/5/H/case-101625_JAY_ANNOTATION.png,5,1
regenerated_new/1/H/case-101641_JAY_ANNOTATION.png,1,4
regenerated_new/1/H/case-101641_JAY_ANNOTATION.png,1,5
regenerated_new/4/H/case-101641_JAY_ANNOTATION.png,4,1
regenerated_new/5/H/case-101641_JAY_ANNOTATION.png,5,1
regenerated_new/1/H/case-101857_JAY_ANNOTATION.png,1,4
regenerated_new/1/H/case-101857_JAY_ANNOTATION.png,1,5
regenerated_new/4/H/case-101857_JAY_ANNOTATION.png,4,1
regenerated_new/5/H/case-101857_JAY_ANNOTATION.png,5,1
regenerated_new/1/H/case-101860_JAY_ANNOTATION.png,1,4
regenerated_new/1/H/case-101860_JAY_ANNOTATION.png,1,5
regenerated_new/4/H/case-101860_JAY_ANNOTATION.png,4,1
regenerated_new/5/H/case-101860_JAY_ANNOTATION.png,5,1
regenerated_new/1/H/case-101885_JAY_ANNOTATION.png,1,4
regenerated_new/1/H/case-101885_JAY_ANNOTATION.png,1,5
regenerated_new/4/H/case-101885_JAY_ANNOTATION.png,4,1
regenerated_new/5/H/case-101885_JAY_ANNOTATION.png,5,1
regenerated_new/1/H/case-101937_JAY_ANNOTATION.png,1,4
regenerated_new/1/H/case-101937_JAY_ANNOTATION.png,1,5
regenerated_new/4/H/case-101937_JAY_ANNOTATION.png,4,1
regenerated_new/5/H/case-101937_JAY_ANNOTATION.png,5,1
regenerated_new/1/H/case-101940_JAY_ANNOTATION.png,1,4
regenerated_new/1/H/case-101940_JAY_ANNOTATION.png,1,5
regenerated_new/4/H/case-101940_JAY_ANNOTATION.png,4,1
regenerated_new/5/H/case-101940_JAY_ANNOTATION.png,5,1
regenerated_new/1/H/case-101982_JAY_ANNOTATION.png,1,4
regenerated_new/1/H/case-101982_JAY_ANNOTATION.png,1,5
regenerated_new/4/H/case-101982_JAY_ANNOTATION.png,4,1
regenerated_new/5/H/case-101982_JAY_ANNOTATION.png,5,1
regenerated_new/1/H/case-102010_JAY_ANNOTATION.png,1,4
regenerated_new/1/H/case-102010_JAY_ANNOTATION.png,1,5
regenerated_new/4/H/case-102010_JAY_ANNOTATION.png,4,1
regenerated_new/5/H/case-102010_JAY_ANNOTATION.png,5,1
regenerated_new/1/H/case-102041_JAY_ANNOTATION.png,1,4
regenerated_new/1/H/case-102041_JAY_ANNOTATION.png,1,5
regenerated_new/4/H/case-102041_JAY_ANNOTATION.png,4,1
regenerated_new/5/H/case-102041_JAY_ANNOTATION.png,5,1
regenerated_new/1/H/case-102093_JAY_ANNOTATION.png,1,4
regenerated_new/1/H/case-102093_JAY_ANNOTATION.png,1,5
regenerated_new/4/H/case-102093_JAY_ANNOTATION.png,4,1
regenerated_new/5/H/case-102093_JAY_ANNOTATION.png,5,1
regenerated_new/1/H/case-102157_JAY_ANNOTATION.png,1,4
regenerated_new/1/H/case-102157_JAY_ANNOTATION.png,1,5
regenerated_new/4/H/case-102157_JAY_ANNOTATION.png,4,1
regenerated_new/5/H/case-102157_JAY_ANNOTATION.png,5,1
regenerated_new/1/H/case-102183_JAY_ANNOTATION.png,1,4
regenerated_new/1/H/case-102183_JAY_ANNOTATION.png,1,5
regenerated_new/4/H/case-102183_JAY_ANNOTATION.png,4,1
regenerated_new/5/H/case-102183_JAY_ANNOTATION.png,5,1
regenerated_new/1/H/case-102224_JAY_ANNOTATION.png,1,4
regenerated_new/1/H/case-102224_JAY_ANNOTATION.png,1,5
regenerated_new/4/H/case-102224_JAY_ANNOTATION.png,4,1
regenerated_new/5/H/case-102224_JAY_ANNOTATION.png,5,1
regenerated_new/1/H/case-102308_JAY_ANNOTATION.png,1,4
regenerated_new/1/H/case-102308_JAY_ANNOTATION.png,1,5
regenerated_new/4/H/case-102308_JAY_ANNOTATION.png,4,1
regenerated_new/5/H/case-102308_JAY_ANNOTATION.png,5,1
regenerated_new/1/H/case-102321_JAY_ANNOTATION.png,1,4
regenerated_new/1/H/case-102321_JAY_ANNOTATION.png,1,5
regenerated_new/4/H/case-102321_JAY_ANNOTATION.png,4,1
regenerated_new/5/H/case-102321_JAY_ANNOTATION.png,5,1
regenerated_new/1/H/case-102367_JAY_ANNOTATION.png,1,4
regenerated_new/1/H/case-102367_JAY_ANNOTATION.png,1,5
regenerated_new/4/H/case-102367_JAY_ANNOTATION.png,4,1
regenerated_new/5/H/case-102367_JAY_ANNOTATION.png,5,1
regenerated_new/1/H/case-102388_JAY_ANNOTATION.png,1,4
regenerated_new/1/H/case-102388_JAY_ANNOTATION.png,1,5
regenerated_new/4/H/case-102388_JAY_ANNOTATION.png,4,1
regenerated_new/5/H/case-102388_JAY_ANNOTATION.png,5,1
regenerated_new/1/H/case-104754_JAY_ANNOTATION.png,1,4
regenerated_new/1/H/case-104754_JAY_ANNOTATION.png,1,5
regenerated_new/4/H/case-104754_JAY_ANNOTATION.png,4,1
regenerated_new/5/H/case-104754_JAY_ANNOTATION.png,5,1
regenerated_new/1/H/case-104780_JAY_ANNOTATION.png,1,4
regenerated_new/1/H/case-104780_JAY_ANNOTATION.png,1,5
regenerated_new/4/H/case-104780_JAY_ANNOTATION.png,4,1
regenerated_new/5/H/case-104780_JAY_ANNOTATION.png,5,1
regenerated_new/1/H/case-104842_JAY_ANNOTATION.png,1,4
regenerated_new/1/H/case-104842_JAY_ANNOTATION.png,1,5
regenerated_new/4/H/case-104842_JAY_ANNOTATION.png,4,1
regenerated_new/5/H/case-104842_JAY_ANNOTATION.png,5,1
regenerated_new/1/H/case-104941_JAY_ANNOTATION.png,1,4
regenerated_new/1/H/case-104941_JAY_ANNOTATION.png,1,5
regenerated_new/4/H/case-104941_JAY_ANNOTATION.png,4,1
regenerated_new/5/H/case-104941_JAY_ANNOTATION.png,5,1
regenerated_new/1/H/case-104979_JAY_ANNOTATION.png,1,4
regenerated_new/1/H/case-104979_JAY_ANNOTATION.png,1,5
regenerated_new/4/H/case-104979_JAY_ANNOTATION.png,4,1
regenerated_new/5/H/case-104979_JAY_ANNOTATION.png,5,1
regenerated_new/1/H/case-104990_JAY_ANNOTATION.png,1,4
regenerated_new/1/H/case-104990_JAY_ANNOTATION.png,1,5
regenerated_new/4/H/case-104990_JAY_ANNOTATION.png,4,1
regenerated_new/5/H/case-104990_JAY_ANNOTATION.png,5,1
regenerated_new/1/H/case-105035_JAY_ANNOTATION.png,1,4
regenerated_new/1/H/case-105035_JAY_ANNOTATION.png,1,5
regenerated_new/4/H/case-105035_JAY_ANNOTATION.png,4,1
regenerated_new/5/H/case-105035_JAY_ANNOTATION.png,5,1
regenerated_new/1/H/case-105051_JAY_ANNOTATION.png,1,4
regenerated_new/1/H/case-105051_JAY_ANNOTATION.png,1,5
regenerated_new/4/H/case-105051_JAY_ANNOTATION.png,4,1
regenerated_new/5/H/case-105051_JAY_ANNOTATION.png,5,1
regenerated_new/1/H/case-105171_JAY_ANNOTATION.png,1,4
regenerated_new/1/H/case-105171_JAY_ANNOTATION.png,1,5
regenerated_new/4/H/case-105171_JAY_ANNOTATION.png,4,1
regenerated_new/5/H/case-105171_JAY_ANNOTATION.png,5,1
regenerated_new/1/H/case-105177_JAY_ANNOTATION.png,1,4
regenerated_new/1/H/case-105177_JAY_ANNOTATION.png,1,5
regenerated_new/4/H/case-105177_JAY_ANNOTATION.png,4,1
regenerated_new/5/H/case-105177_JAY_ANNOTATION.png,5,1
regenerated_new/1/H/case-105234_JAY_ANNOTATION.png,1,4
regenerated_new/1/H/case-105234_JAY_ANNOTATION.png,1,5
regenerated_new/4/H/case-105234_JAY_ANNOTATION.png,4,1
regenerated_new/5/H/case-105234_JAY_ANNOTATION.png,5,1
regenerated_new/1/H/case-105246_JAY_ANNOTATION.png,1,4
regenerated_new/1/H/case-105246_JAY_ANNOTATION.png,1,5
regenerated_new/4/H/case-105246_JAY_ANNOTATION.png,4,1
regenerated_new/5/H/case-105246_JAY_ANNOTATION.png,5,1
regenerated_new/1/H/case-105257_JAY_ANNOTATION.png,1,4
regenerated_new/1/H/case-105257_JAY_ANNOTATION.png,1,5
regenerated_new/4/H/case-105257_JAY_ANNOTATION.png,4,1
regenerated_new/5/H/case-105257_JAY_ANNOTATION.png,5,1
regenerated_new/1/H/case-105288_JAY_ANNOTATION.png,1,4
regenerated_new/1/H/case-105288_JAY_ANNOTATION.png,1,5
regenerated_new/4/H/case-105288_JAY_ANNOTATION.png,4,1
regenerated_new/5/H/case-105288_JAY_ANNOTATION.png,5,1
regenerated_new/1/H/case-105318_JAY_ANNOTATION.png,1,4
regenerated_new/1/H/case-105318_JAY_ANNOTATION.png,1,5
regenerated_new/4/H/case-105318_JAY_ANNOTATION.png,4,1
regenerated_new/5/H/case-105318_JAY_ANNOTATION.png,5,1
regenerated_new/1/H/case-105476_JAY_ANNOTATION.png,1,4
regenerated_new/1/H/case-105476_JAY_ANNOTATION.png,1,5
regenerated_new/4/H/case-105476_JAY_ANNOTATION.png,4,1
regenerated_new/5/H/case-105476_JAY_ANNOTATION.png,5,1
regenerated_new/1/H/case-105567_JAY_ANNOTATION.png,1,4
regenerated_new/1/H/case-105567_JAY_ANNOTATION.png,1,5
regenerated_new/4/H/case-105567_JAY_ANNOTATION.png,4,1
regenerated_new/5/H/case-105567_JAY_ANNOTATION.png,5,1
regenerated_new/1/H/case-105579_JAY_ANNOTATION.png,1,4
regenerated_new/1/H/case-105579_JAY_ANNOTATION.png,1,5
regenerated_new/4/H/case-105579_JAY_ANNOTATION.png,4,1
regenerated_new/5/H/case-105579_JAY_ANNOTATION.png,5,1
regenerated_new/1/H/case-105586_JAY_ANNOTATION.png,1,4
regenerated_new/1/H/case-105586_JAY_ANNOTATION.png,1,5
regenerated_new/4/H/case-105586_JAY_ANNOTATION.png,4,1
regenerated_new/5/H/case-105586_JAY_ANNOTATION.png,5,1
regenerated_new/1/H/case-105592_JAY_ANNOTATION.png,1,4
regenerated_new/1/H/case-105592_JAY_ANNOTATION.png,1,5
regenerated_new/4/H/case-105592_JAY_ANNOTATION.png,4,1
regenerated_new/5/H/case-105592_JAY_ANNOTATION.png,5,1
regenerated_new/1/H/case-105597_JAY_ANNOTATION.png,1,4
regenerated_new/1/H/case-105597_JAY_ANNOTATION.png,1,5
regenerated_new/4/H/case-105597_JAY_ANNOTATION.png,4,1
regenerated_new/5/H/case-105597_JAY_ANNOTATION.png,5,1
regenerated_new/1/H/case-105602_JAY_ANNOTATION.png,1,4
regenerated_new/1/H/case-105602_JAY_ANNOTATION.png,1,5
regenerated_new/4/H/case-105602_JAY_ANNOTATION.png,4,1
regenerated_new/5/H/case-105602_JAY_ANNOTATION.png,5,1
regenerated_new/1/H/case-105681_JAY_ANNOTATION.png,1,4
regenerated_new/1/H/case-105681_JAY_ANNOTATION.png,1,5
regenerated_new/4/H/case-105681_JAY_ANNOTATION.png,4,1
regenerated_new/5/H/case-105681_JAY_ANNOTATION.png,5,1
regenerated_new/1/H/case-105704_JAY_ANNOTATION.png,1,4
regenerated_new/1/H/case-105704_JAY_ANNOTATION.png,1,5
regenerated_new/4/H/case-105704_JAY_ANNOTATION.png,4,1
regenerated_new/5/H/case-105704_JAY_ANNOTATION.png,5,1
regenerated_new/1/H/case-105817_JAY_ANNOTATION.png,1,4
regenerated_new/1/H/case-105817_JAY_ANNOTATION.png,1,5
regenerated_new/5/H/case-105817_JAY_ANNOTATION.png,5,1
regenerated_new/1/H/case-105839_JAY_ANNOTATION.png,1,4
regenerated_new/1/H/case-105839_JAY_ANNOTATION.png,1,5
regenerated_new/4/H/case-105839_JAY_ANNOTATION.png,4,1
regenerated_new/5/H/case-105839_JAY_ANNOTATION.png,5,1
regenerated_new/1/H/case-105862_JAY_ANNOTATION.png,1,4
regenerated_new/1/H/case-105862_JAY_ANNOTATION.png,1,5
regenerated_new/4/H/case-105862_JAY_ANNOTATION.png,4,1
regenerated_new/5/H/case-105862_JAY_ANNOTATION.png,5,1
regenerated_new/1/H/case-105915_JAY_ANNOTATION.png,1,4
regenerated_new/1/H/case-105915_JAY_ANNOTATION.png,1,5
regenerated_new/4/H/case-105915_JAY_ANNOTATION.png,4,1
regenerated_new/5/H/case-105915_JAY_ANNOTATION.png,5,1
regenerated_new/1/H/case-106012_JAY_ANNOTATION.png,1,4
regenerated_new/1/H/case-106012_JAY_ANNOTATION.png,1,5
regenerated_new/4/H/case-106012_JAY_ANNOTATION.png,4,1
regenerated_new/5/H/case-106012_JAY_ANNOTATION.png,5,1
regenerated_new/1/H/case-106016_JAY_ANNOTATION.png,1,4
regenerated_new/1/H/case-106016_JAY_ANNOTATION.png,1,5
regenerated_new/4/H/case-106016_JAY_ANNOTATION.png,4,1
regenerated_new/5/H/case-106016_JAY_ANNOTATION.png,5,1
regenerated_new/1/H/case-106081_JAY_ANNOTATION.png,1,4
regenerated_new/1/H/case-106081_JAY_ANNOTATION.png,1,5
regenerated_new/4/H/case-106081_JAY_ANNOTATION.png,4,1
regenerated_new/5/H/case-106081_JAY_ANNOTATION.png,5,1
regenerated_new/1/H/case-106101_JAY_ANNOTATION.png,1,4
regenerated_new/1/H/case-106101_JAY_ANNOTATION.png,1,5
regenerated_new/4/H/case-106101_JAY_ANNOTATION.png,4,1
regenerated_new/5/H/case-106101_JAY_ANNOTATION.png,5,1
regenerated_new/1/H/case-106127_JAY_ANNOTATION.png,1,4
regenerated_new/1/H/case-106127_JAY_ANNOTATION.png,1,5
regenerated_new/4/H/case-106127_JAY_ANNOTATION.png,4,1
regenerated_new/5/H/case-106127_JAY_ANNOTATION.png,5,1
regenerated_new/1/H/case-106139_JAY_ANNOTATION.png,1,4
regenerated_new/1/H/case-106139_JAY_ANNOTATION.png,1,5
regenerated_new/4/H/case-106139_JAY_ANNOTATION.png,4,1
regenerated_new/5/H/case-106139_JAY_ANNOTATION.png,5,1
regenerated_new/1/H/case-106141_JAY_ANNOTATION.png,1,4
regenerated_new/1/H/case-106141_JAY_ANNOTATION.png,1,5
regenerated_new/4/H/case-106141_JAY_ANNOTATION.png,4,1
regenerated_new/5/H/case-106141_JAY_ANNOTATION.png,5,1
regenerated_new/1/H/case-106157_JAY_ANNOTATION.png,1,4
regenerated_new/1/H/case-106157_JAY_ANNOTATION.png,1,5
regenerated_new/4/H/case-106157_JAY_ANNOTATION.png,4,1
regenerated_new/5/H/case-106157_JAY_ANNOTATION.png,5,1
regenerated_new/1/H/case-106172_JAY_ANNOTATION.png,1,4
regenerated_new/1/H/case-106172_JAY_ANNOTATION.png,1,5
regenerated_new/4/H/case-106172_JAY_ANNOTATION.png,4,1
regenerated_new/5/H/case-106172_JAY_ANNOTATION.png,5,1
regenerated_new/1/H/case-106301_JAY_ANNOTATION.png,1,4
regenerated_new/1/H/case-106301_JAY_ANNOTATION.png,1,5
regenerated_new/4/H/case-106301_JAY_ANNOTATION.png,4,1
regenerated_new/5/H/case-106301_JAY_ANNOTATION.png,5,1
regenerated_new/1/H/case-106371_JAY_ANNOTATION.png,1,4
regenerated_new/1/H/case-106371_JAY_ANNOTATION.png,1,5
regenerated_new/4/H/case-106371_JAY_ANNOTATION.png,4,1
regenerated_new/5/H/case-106371_JAY_ANNOTATION.png,5,1
regenerated_new/1/H/case-106374_JAY_ANNOTATION.png,1,4
regenerated_new/1/H/case-106374_JAY_ANNOTATION.png,1,5
regenerated_new/4/H/case-106374_JAY_ANNOTATION.png,4,1
regenerated_new/5/H/case-106374_JAY_ANNOTATION.png,5,1
regenerated_new/1/H/case-106456_JAY_ANNOTATION.png,1,4
regenerated_new/1/H/case-106456_JAY_ANNOTATION.png,1,5
regenerated_new/4/H/case-106456_JAY_ANNOTATION.png,4,1
regenerated_new/5/H/case-106456_JAY_ANNOTATION.png,5,1
regenerated_new/1/H/case-106464_JAY_ANNOTATION.png,1,4
regenerated_new/1/H/case-106464_JAY_ANNOTATION.png,1,5
regenerated_new/4/H/case-106464_JAY_ANNOTATION.png,4,1
regenerated_new/5/H/case-106464_JAY_ANNOTATION.png,5,1
regenerated_new/1/H/case-106541_JAY_ANNOTATION.png,1,4
regenerated_new/1/H/case-106541_JAY_ANNOTATION.png,1,5
regenerated_new/4/H/case-106541_JAY_ANNOTATION.png,4,1
regenerated_new/5/H/case-106541_JAY_ANNOTATION.png,5,1
regenerated_new/1/H/case-106569_JAY_ANNOTATION.png,1,4
regenerated_new/1/H/case-106569_JAY_ANNOTATION.png,1,5
regenerated_new/4/H/case-106569_JAY_ANNOTATION.png,4,1
regenerated_new/5/H/case-106569_JAY_ANNOTATION.png,5,1
regenerated_new/1/H/case-106811_JAY_ANNOTATION.png,1,4
regenerated_new/1/H/case-106811_JAY_ANNOTATION.png,1,5
regenerated_new/4/H/case-106811_JAY_ANNOTATION.png,4,1
regenerated_new/5/H/case-106811_JAY_ANNOTATION.png,5,1
regenerated_new/1/H/case-106835_JAY_ANNOTATION.png,1,4
regenerated_new/1/H/case-106835_JAY_ANNOTATION.png,1,5
regenerated_new/4/H/case-106835_JAY_ANNOTATION.png,4,1
regenerated_new/5/H/case-106835_JAY_ANNOTATION.png,5,1
regenerated_new/1/H/case-106856_JAY_ANNOTATION.png,1,4
regenerated_new/1/H/case-106856_JAY_ANNOTATION.png,1,5
regenerated_new/4/H/case-106856_JAY_ANNOTATION.png,4,1
regenerated_new/5/H/case-106856_JAY_ANNOTATION.png,5,1
regenerated_new/1/H/case-106882_JAY_ANNOTATION.png,1,4
regenerated_new/1/H/case-106882_JAY_ANNOTATION.png,1,5
regenerated_new/4/H/case-106882_JAY_ANNOTATION.png,4,1
regenerated_new/5/H/case-106882_JAY_ANNOTATION.png,5,1
regenerated_new/1/H/case-106963_JAY_ANNOTATION.png,1,4
regenerated_new/1/H/case-106963_JAY_ANNOTATION.png,1,5
regenerated_new/4/H/case-106963_JAY_ANNOTATION.png,4,1
regenerated_new/5/H/case-106963_JAY_ANNOTATION.png,5,1
regenerated_new/1/H/case-106973_JAY_ANNOTATION.png,1,4
regenerated_new/1/H/case-106973_JAY_ANNOTATION.png,1,5
regenerated_new/4/H/case-106973_JAY_ANNOTATION.png,4,1
regenerated_new/5/H/case-106973_JAY_ANNOTATION.png,5,1
regenerated_new/1/H/case-106991_JAY_ANNOTATION.png,1,4
regenerated_new/1/H/case-106991_JAY_ANNOTATION.png,1,5
regenerated_new/4/H/case-106991_JAY_ANNOTATION.png,4,1
regenerated_new/5/H/case-106991_JAY_ANNOTATION.png,5,1
regenerated_new/1/H/case-107068_JAY_ANNOTATION.png,1,4
regenerated_new/1/H/case-107068_JAY_ANNOTATION.png,1,5
regenerated_new/4/H/case-107068_JAY_ANNOTATION.png,4,1
regenerated_new/5/H/case-107068_JAY_ANNOTATION.png,5,1
regenerated_new/1/H/case-107184_JAY_ANNOTATION.png,1,4
regenerated_new/1/H/case-107184_JAY_ANNOTATION.png,1,5
regenerated_new/4/H/case-107184_JAY_ANNOTATION.png,4,1
regenerated_new/5/H/case-107184_JAY_ANNOTATION.png,5,1
regenerated_new/1/H/case-107267_JAY_ANNOTATION.png,1,4
regenerated_new/1/H/case-107267_JAY_ANNOTATION.png,1,5
regenerated_new/4/H/case-107267_JAY_ANNOTATION.png,4,1
regenerated_new/5/H/case-107267_JAY_ANNOTATION.png,5,1
regenerated_new/1/H/case-107296_JAY_ANNOTATION.png,1,4
regenerated_new/1/H/case-107296_JAY_ANNOTATION.png,1,5
regenerated_new/4/H/case-107296_JAY_ANNOTATION.png,4,1
regenerated_new/5/H/case-107296_JAY_ANNOTATION.png,5,1
regenerated_new/1/H/case-110146_JAY_ANNOTATION.png,1,4
regenerated_new/1/H/case-110146_JAY_ANNOTATION.png,1,5
regenerated_new/4/H/case-110146_JAY_ANNOTATION.png,4,1
regenerated_new/5/H/case-110146_JAY_ANNOTATION.png,5,1
regenerated_new/1/H/case-110184_JAY_ANNOTATION.png,1,4
regenerated_new/1/H/case-110184_JAY_ANNOTATION.png,1,5
regenerated_new/4/H/case-110184_JAY_ANNOTATION.png,4,1
regenerated_new/5/H/case-110184_JAY_ANNOTATION.png,5,1
regenerated_new/1/H/case-110307_JAY_ANNOTATION.png,1,4
regenerated_new/1/H/case-110307_JAY_ANNOTATION.png,1,5
regenerated_new/4/H/case-110307_JAY_ANNOTATION.png,4,1
regenerated_new/5/H/case-110307_JAY_ANNOTATION.png,5,1
regenerated_new/1/H/case-110324_JAY_ANNOTATION.png,1,4
regenerated_new/1/H/case-110324_JAY_ANNOTATION.png,1,5
regenerated_new/4/H/case-110324_JAY_ANNOTATION.png,4,1
regenerated_new/5/H/case-110324_JAY_ANNOTATION.png,5,1
regenerated_new/1/H/case-110378_JAY_ANNOTATION.png,1,4
regenerated_new/1/H/case-110378_JAY_ANNOTATION.png,1,5
regenerated_new/5/H/case-110378_JAY_ANNOTATION.png,5,1
regenerated_new/1/H/case-110382_JAY_ANNOTATION.png,1,4
regenerated_new/1/H/case-110382_JAY_ANNOTATION.png,1,5
regenerated_new/4/H/case-110382_JAY_ANNOTATION.png,4,1
regenerated_new/5/H/case-110382_JAY_ANNOTATION.png,5,1
regenerated_new/1/H/case-110393_JAY_ANNOTATION.png,1,4
regenerated_new/1/H/case-110393_JAY_ANNOTATION.png,1,5
regenerated_new/4/H/case-110393_JAY_ANNOTATION.png,4,1
regenerated_new/5/H/case-110393_JAY_ANNOTATION.png,5,1
regenerated_new/1/H/case-110447_JAY_ANNOTATION.png,1,4
regenerated_new/1/H/case-110447_JAY_ANNOTATION.png,1,5
regenerated_new/4/H/case-110447_JAY_ANNOTATION.png,4,1
regenerated_new/5/H/case-110447_JAY_ANNOTATION.png,5,1
regenerated_new/1/H/case-110519_JAY_ANNOTATION.png,1,4
regenerated_new/1/H/case-110519_JAY_ANNOTATION.png,1,5
regenerated_new/4/H/case-110519_JAY_ANNOTATION.png,4,1
regenerated_new/5/H/case-110519_JAY_ANNOTATION.png,5,1
regenerated_new/1/H/case-110588_JAY_ANNOTATION.png,1,4
regenerated_new/1/H/case-110588_JAY_ANNOTATION.png,1,5
regenerated_new/4/H/case-110588_JAY_ANNOTATION.png,4,1
regenerated_new/5/H/case-110588_JAY_ANNOTATION.png,5,1
regenerated_new/1/H/case-110636_JAY_ANNOTATION.png,1,4
regenerated_new/1/H/case-110636_JAY_ANNOTATION.png,1,5
regenerated_new/4/H/case-110636_JAY_ANNOTATION.png,4,1
regenerated_new/5/H/case-110636_JAY_ANNOTATION.png,5,1
regenerated_new/1/H/case-110640_JAY_ANNOTATION.png,1,4
regenerated_new/1/H/case-110640_JAY_ANNOTATION.png,1,5
regenerated_new/4/H/case-110640_JAY_ANNOTATION.png,4,1
regenerated_new/5/H/case-110640_JAY_ANNOTATION.png,5,1
regenerated_new/1/H/case-110649_JAY_ANNOTATION.png,1,4
regenerated_new/1/H/case-110649_JAY_ANNOTATION.png,1,5
regenerated_new/4/H/case-110649_JAY_ANNOTATION.png,4,1
regenerated_new/5/H/case-110649_JAY_ANNOTATION.png,5,1
regenerated_new/1/H/case-110664_JAY_ANNOTATION.png,1,4
regenerated_new/1/H/case-110664_JAY_ANNOTATION.png,1,5
regenerated_new/4/H/case-110664_JAY_ANNOTATION.png,4,1
regenerated_new/5/H/case-110664_JAY_ANNOTATION.png,5,1
regenerated_new/1/H/case-110831_JAY_ANNOTATION.png,1,4
regenerated_new/1/H/case-110831_JAY_ANNOTATION.png,1,5
regenerated_new/4/H/case-110831_JAY_ANNOTATION.png,4,1
regenerated_new/5/H/case-110831_JAY_ANNOTATION.png,5,1
regenerated_new/1/H/case-110870_JAY_ANNOTATION.png,1,4
regenerated_new/1/H/case-110870_JAY_ANNOTATION.png,1,5
regenerated_new/4/H/case-110870_JAY_ANNOTATION.png,4,1
regenerated_new/5/H/case-110870_JAY_ANNOTATION.png,5,1
regenerated_new/1/H/case-111040_JAY_ANNOTATION.png,1,4
regenerated_new/1/H/case-111040_JAY_ANNOTATION.png,1,5
regenerated_new/4/H/case-111040_JAY_ANNOTATION.png,4,1
regenerated_new/5/H/case-111040_JAY_ANNOTATION.png,5,1
regenerated_new/1/H/case-111057_JAY_ANNOTATION.png,1,4
regenerated_new/1/H/case-111057_JAY_ANNOTATION.png,1,5
regenerated_new/4/H/case-111057_JAY_ANNOTATION.png,4,1
regenerated_new/5/H/case-111057_JAY_ANNOTATION.png,5,1
regenerated_new/1/H/case-111159_JAY_ANNOTATION.png,1,4
regenerated_new/1/H/case-111159_JAY_ANNOTATION.png,1,5
regenerated_new/4/H/case-111159_JAY_ANNOTATION.png,4,1
regenerated_new/5/H/case-111159_JAY_ANNOTATION.png,5,1
regenerated_new/1/H/case-111162_JAY_ANNOTATION.png,1,4
regenerated_new/1/H/case-111162_JAY_ANNOTATION.png,1,5
regenerated_new/4/H/case-111162_JAY_ANNOTATION.png,4,1
regenerated_new/5/H/case-111162_JAY_ANNOTATION.png,5,1
regenerated_new/1/H/case-111165_JAY_ANNOTATION.png,1,4
regenerated_new/1/H/case-111165_JAY_ANNOTATION.png,1,5
regenerated_new/4/H/case-111165_JAY_ANNOTATION.png,4,1
regenerated_new/5/H/case-111165_JAY_ANNOTATION.png,5,1
regenerated_new/1/H/case-111178_JAY_ANNOTATION.png,1,4
regenerated_new/1/H/case-111178_JAY_ANNOTATION.png,1,5
regenerated_new/4/H/case-111178_JAY_ANNOTATION.png,4,1
regenerated_new/5/H/case-111178_JAY_ANNOTATION.png,5,1
regenerated_new/1/H/case-111246_JAY_ANNOTATION.png,1,4
regenerated_new/1/H/case-111246_JAY_ANNOTATION.png,1,5
regenerated_new/4/H/case-111246_JAY_ANNOTATION.png,4,1
regenerated_new/5/H/case-111246_JAY_ANNOTATION.png,5,1
regenerated_new/1/H/case-111273_JAY_ANNOTATION.png,1,4
regenerated_new/1/H/case-111273_JAY_ANNOTATION.png,1,5
regenerated_new/4/H/case-111273_JAY_ANNOTATION.png,4,1
regenerated_new/5/H/case-111273_JAY_ANNOTATION.png,5,1
regenerated_new/1/H/case-111359_JAY_ANNOTATION.png,1,4
regenerated_new/1/H/case-111359_JAY_ANNOTATION.png,1,5
regenerated_new/4/H/case-111359_JAY_ANNOTATION.png,4,1
regenerated_new/5/H/case-111359_JAY_ANNOTATION.png,5,1
regenerated_new/1/H/case-111405_JAY_ANNOTATION.png,1,4
regenerated_new/1/H/case-111405_JAY_ANNOTATION.png,1,5
regenerated_new/4/H/case-111405_JAY_ANNOTATION.png,4,1
regenerated_new/5/H/case-111405_JAY_ANNOTATION.png,5,1
regenerated_new/1/H/case-111446_JAY_ANNOTATION.png,1,4
regenerated_new/1/H/case-111446_JAY_ANNOTATION.png,1,5
regenerated_new/4/H/case-111446_JAY_ANNOTATION.png,4,1
regenerated_new/5/H/case-111446_JAY_ANNOTATION.png,5,1
regenerated_new/1/H/case-111546_JAY_ANNOTATION.png,1,4
regenerated_new/1/H/case-111546_JAY_ANNOTATION.png,1,5
regenerated_new/4/H/case-111546_JAY_ANNOTATION.png,4,1
regenerated_new/5/H/case-111546_JAY_ANNOTATION.png,5,1
regenerated_new/1/H/case-111573_JAY_ANNOTATION.png,1,4
regenerated_new/1/H/case-111573_JAY_ANNOTATION.png,1,5
regenerated_new/4/H/case-111573_JAY_ANNOTATION.png,4,1
regenerated_new/5/H/case-111573_JAY_ANNOTATION.png,5,1
regenerated_new/1/H/case-111685_JAY_ANNOTATION.png,1,4
regenerated_new/1/H/case-111685_JAY_ANNOTATION.png,1,5
regenerated_new/4/H/case-111685_JAY_ANNOTATION.png,4,1
regenerated_new/5/H/case-111685_JAY_ANNOTATION.png,5,1
regenerated_new/1/H/case-111755_JAY_ANNOTATION.png,1,4
regenerated_new/1/H/case-111755_JAY_ANNOTATION.png,1,5
regenerated_new/4/H/case-111755_JAY_ANNOTATION.png,4,1
regenerated_new/5/H/case-111755_JAY_ANNOTATION.png,5,1
regenerated_new/1/H/case-111791_JAY_ANNOTATION.png,1,4
regenerated_new/1/H/case-111791_JAY_ANNOTATION.png,1,5
regenerated_new/4/H/case-111791_JAY_ANNOTATION.png,4,1
regenerated_new/5/H/case-111791_JAY_ANNOTATION.png,5,1
regenerated_new/1/H/case-111819_JAY_ANNOTATION.png,1,4
regenerated_new/1/H/case-111819_JAY_ANNOTATION.png,1,5
regenerated_new/4/H/case-111819_JAY_ANNOTATION.png,4,1
regenerated_new/5/H/case-111819_JAY_ANNOTATION.png,5,1
regenerated_new/1/H/case-111830_JAY_ANNOTATION.png,1,4
regenerated_new/1/H/case-111830_JAY_ANNOTATION.png,1,5
regenerated_new/4/H/case-111830_JAY_ANNOTATION.png,4,1
regenerated_new/5/H/case-111830_JAY_ANNOTATION.png,5,1
regenerated_new/1/H/case-111863_JAY_ANNOTATION.png,1,4
regenerated_new/1/H/case-111863_JAY_ANNOTATION.png,1,5
regenerated_new/4/H/case-111863_JAY_ANNOTATION.png,4,1
regenerated_new/5/H/case-111863_JAY_ANNOTATION.png,5,1
regenerated_new/1/H/case-111923_JAY_ANNOTATION.png,1,4
regenerated_new/1/H/case-111923_JAY_ANNOTATION.png,1,5
regenerated_new/4/H/case-111923_JAY_ANNOTATION.png,4,1
regenerated_new/5/H/case-111923_JAY_ANNOTATION.png,5,1
regenerated_new/1/H/case-112038_JAY_ANNOTATION.png,1,4
regenerated_new/1/H/case-112038_JAY_ANNOTATION.png,1,5
regenerated_new/4/H/case-112038_JAY_ANNOTATION.png,4,1
regenerated_new/5/H/case-112038_JAY_ANNOTATION.png,5,1
regenerated_new/1/H/case-112071_JAY_ANNOTATION.png,1,4
regenerated_new/1/H/case-112071_JAY_ANNOTATION.png,1,5
regenerated_new/4/H/case-112071_JAY_ANNOTATION.png,4,1
regenerated_new/5/H/case-112071_JAY_ANNOTATION.png,5,1
regenerated_new/1/H/case-112086_JAY_ANNOTATION.png,1,4
regenerated_new/1/H/case-112086_JAY_ANNOTATION.png,1,5
regenerated_new/4/H/case-112086_JAY_ANNOTATION.png,4,1
regenerated_new/5/H/case-112086_JAY_ANNOTATION.png,5,1
regenerated_new/1/H/case-112092_JAY_ANNOTATION.png,1,4
regenerated_new/1/H/case-112092_JAY_ANNOTATION.png,1,5
regenerated_new/4/H/case-112092_JAY_ANNOTATION.png,4,1
regenerated_new/5/H/case-112092_JAY_ANNOTATION.png,5,1
regenerated_new/1/H/case-112132_JAY_ANNOTATION.png,1,4
regenerated_new/1/H/case-112132_JAY_ANNOTATION.png,1,5
regenerated_new/4/H/case-112132_JAY_ANNOTATION.png,4,1
regenerated_new/5/H/case-112132_JAY_ANNOTATION.png,5,1
regenerated_new/1/H/case-112180_JAY_ANNOTATION.png,1,4
regenerated_new/1/H/case-112180_JAY_ANNOTATION.png,1,5
regenerated_new/4/H/case-112180_JAY_ANNOTATION.png,4,1
regenerated_new/5/H/case-112180_JAY_ANNOTATION.png,5,1
regenerated_new/1/H/case-112208_JAY_ANNOTATION.png,1,4
regenerated_new/1/H/case-112208_JAY_ANNOTATION.png,1,5
regenerated_new/4/H/case-112208_JAY_ANNOTATION.png,4,1
regenerated_new/5/H/case-112208_JAY_ANNOTATION.png,5,1
regenerated_new/1/H/case-112234_JAY_ANNOTATION.png,1,4
regenerated_new/1/H/case-112234_JAY_ANNOTATION.png,1,5
regenerated_new/4/H/case-112234_JAY_ANNOTATION.png,4,1
regenerated_new/5/H/case-112234_JAY_ANNOTATION.png,5,1
regenerated_new/1/H/case-112249_JAY_ANNOTATION.png,1,4
regenerated_new/1/H/case-112249_JAY_ANNOTATION.png,1,5
regenerated_new/4/H/case-112249_JAY_ANNOTATION.png,4,1
regenerated_new/5/H/case-112249_JAY_ANNOTATION.png,5,1
regenerated_new/1/H/case-112292_JAY_ANNOTATION.png,1,4
regenerated_new/1/H/case-112292_JAY_ANNOTATION.png,1,5
regenerated_new/4/H/case-112292_JAY_ANNOTATION.png,4,1
regenerated_new/5/H/case-112292_JAY_ANNOTATION.png,5,1
regenerated_new/1/H/case-112297_JAY_ANNOTATION.png,1,4
regenerated_new/1/H/case-112297_JAY_ANNOTATION.png,1,5
regenerated_new/4/H/case-112297_JAY_ANNOTATION.png,4,1
regenerated_new/5/H/case-112297_JAY_ANNOTATION.png,5,1
regenerated_new/1/H/case-112348_JAY_ANNOTATION.png,1,4
regenerated_new/1/H/case-112348_JAY_ANNOTATION.png,1,5
regenerated_new/4/H/case-112348_JAY_ANNOTATION.png,4,1
regenerated_new/5/H/case-112348_JAY_ANNOTATION.png,5,1
regenerated_new/1/H/case-112364_JAY_ANNOTATION.png,1,4
regenerated_new/1/H/case-112364_JAY_ANNOTATION.png,1,5
regenerated_new/4/H/case-112364_JAY_ANNOTATION.png,4,1
regenerated_new/5/H/case-112364_JAY_ANNOTATION.png,5,1
regenerated_new/1/H/case-112387_JAY_ANNOTATION.png,1,4
regenerated_new/1/H/case-112387_JAY_ANNOTATION.png,1,5
regenerated_new/4/H/case-112387_JAY_ANNOTATION.png,4,1
regenerated_new/5/H/case-112387_JAY_ANNOTATION.png,5,1
regenerated_new/1/H/case-112425_JAY_ANNOTATION.png,1,4
regenerated_new/1/H/case-112425_JAY_ANNOTATION.png,1,5
regenerated_new/4/H/case-112425_JAY_ANNOTATION.png,4,1
regenerated_new/5/H/case-112425_JAY_ANNOTATION.png,5,1
regenerated_new/1/H/case-112437_JAY_ANNOTATION.png,1,4
regenerated_new/1/H/case-112437_JAY_ANNOTATION.png,1,5
regenerated_new/4/H/case-112437_JAY_ANNOTATION.png,4,1
regenerated_new/5/H/case-112437_JAY_ANNOTATION.png,5,1
regenerated_new/1/H/case-112453_JAY_ANNOTATION.png,1,4
regenerated_new/1/H/case-112453_JAY_ANNOTATION.png,1,5
regenerated_new/4/H/case-112453_JAY_ANNOTATION.png,4,1
regenerated_new/5/H/case-112453_JAY_ANNOTATION.png,5,1
regenerated_new/1/H/case-112536_JAY_ANNOTATION.png,1,4
regenerated_new/1/H/case-112536_JAY_ANNOTATION.png,1,5
regenerated_new/4/H/case-112536_JAY_ANNOTATION.png,4,1
regenerated_new/5/H/case-112536_JAY_ANNOTATION.png,5,1
regenerated_new/1/H/case-112545_JAY_ANNOTATION.png,1,4
regenerated_new/1/H/case-112545_JAY_ANNOTATION.png,1,5
regenerated_new/4/H/case-112545_JAY_ANNOTATION.png,4,1
regenerated_new/5/H/case-112545_JAY_ANNOTATION.png,5,1
regenerated_new/1/H/case-112559_JAY_ANNOTATION.png,1,4
regenerated_new/1/H/case-112559_JAY_ANNOTATION.png,1,5
regenerated_new/4/H/case-112559_JAY_ANNOTATION.png,4,1
regenerated_new/5/H/case-112559_JAY_ANNOTATION.png,5,1
